PROTEIN,LIGAND,ITERATION,AFFINITY,COMPATABILITY SCORE (MAX=9),WHITELIST,120,124,170,173,292,296,457,458,459,BLACKLIST,268,302
1zum,ZINC000055316918,1,-8.447,9,,3.889857195322204,3.563793063577068,3.5339616579697104,3.1366152138890127,3.4301418338022156,3.4572046511596617,2.7529762076705215,3.688274528827814,3.3562184076725323,,9.828047771556667,4.432595740646781
1zum,ZINC000112584989,1,-7.945,9,,3.6854843643678525,3.3412095115392004,3.6297672101665115,3.3044583519844877,3.0765701682230513,3.44099258935558,2.9633766213561152,3.6886303691207667,3.2790892028122594,,10.686451656185973,5.008167928494409
1zum,ZINC000563865013,1,-7.858,9,,3.4219891875924935,3.571888576089688,3.592542971211352,3.175897668376609,3.1799014135661543,3.177021246387879,3.062411631378118,3.392375716220128,3.3124499996226238,,9.256597377006306,4.234820657359653
1zum,ZINC001125273520,1,-7.933,9,,3.8665832462265657,3.1713505009695737,3.459365548767571,3.594853126346061,3.554054304593558,3.376349211796666,3.5152640014656122,3.8350229464763355,3.1060529615574817,,9.462704317477115,4.067135724315081
1zum,ZINC000510859129,1,-7.958,9,,3.6800626353365162,3.763461305766276,3.4749883453042,3.309573084251203,3.5556041680704573,2.918424917656779,2.217359014683911,3.642177508030052,3.409645436112083,,10.690199904585505,5.0597534524915275
1zum,ZINC001250153640,1,-6.682,9,,3.2779029881922876,2.5938459861757397,3.768760804296285,3.389708099527157,3.8788754813734445,3.109949517275159,2.8903655478157115,3.5702911645970907,2.9858849609454183,,11.132019583166388,5.502204103811486
1zum,ZINC000023457571,1,-9.211,9,,3.3148076867293472,3.423431465649631,3.5843840475038258,3.321080245944086,3.502166329573741,3.103505920729006,1.738841280853426,3.5165126190588323,3.2639059422722343,,9.41186410866625,4.49523603384739
